transaction_id,created_at,reporting_month,account_id,counterparty_account,transaction_group_id,transaction_type,status,amount,currency,balance_before,balance_after,regulatory_code,finalized,record_hash,prev_record_hash,metadata,_ingested_at,amount_signed,balance_delta,metadata_channel,metadata_note,created_date,created_month,monto_firmado,val_balance,val_reporting_month,val_amount,val_hash_present,val_hash_chain,val_unique_id,registro_valido,observaciones
tx000000-0000-0000-0000-000000000005,2026-01-05 12:30:00+00:00,2026-01,ACC1002,CLIENT-771,GRP-202601-10,CREDIT,COMPLETED,1200.0,USD,3000.0,4200.0,RPT01,True,hash000000000000000000000000000000000000000000000000000000000005,0000000000000000000000000000000000000000000000000000000000000000,note=payment received|channel=CARD,2026-05-27T05:06:40.291935Z,1200.0,1200.0,CARD,payment received,2026-01-05,2026-01,1200.0,True,True,True,True,False,True,False,Cadena de hashes inválida
tx000000-0000-0000-0000-000000000007,2026-01-07 14:20:00+00:00,2026-01,ACC1003,CLIENT-222,GRP-202601-20,DEBIT,COMPLETED,45.0,USD,2000.0,1955.0,RPT01,True,hash000000000000000000000000000000000000000000000000000000000007,0000000000000000000000000000000000000000000000000000000000000000,note=subscription payment|plan=basic,2026-05-27T05:06:40.291935Z,-45.0,-45.0,,subscription payment,2026-01-07,2026-01,-45.0,True,True,True,True,False,True,False,Cadena de hashes inválida
tx000000-0000-0000-0000-000000000009,2026-01-09 16:40:00+00:00,2026-01,ACC1004,MERCH-777,GRP-202601-30,DEBIT,COMPLETED,99.99,USD,800.0,700.01,RPT01,True,hash000000000000000000000000000000000000000000000000000000000009,0000000000000000000000000000000000000000000000000000000000000000,note=e-commerce purchase|merchant_category=E-commerce,2026-05-27T05:06:40.291935Z,-99.99,-99.99000000000001,,e-commerce purchase,2026-01-09,2026-01,-99.99,True,True,True,True,False,True,False,Cadena de hashes inválida
tx000000-0000-0000-0000-00000000000C,2026-01-12 11:25:00+00:00,2026-01,ACC1006,CLIENT-888,GRP-202601-40,CREDIT,COMPLETED,450.0,USD,200.0,650.0,RPT01,True,hash00000000000000000000000000000000000000000000000000000000000C,0000000000000000000000000000000000000000000000000000000000000000,note=refund|channel=PAYPAL,2026-05-27T05:06:40.291935Z,450.0,450.0,PAYPAL,refund,2026-01-12,2026-01,450.0,True,True,True,True,False,True,False,Cadena de hashes inválida
tx000000-0000-0000-0000-00000000000E,2026-01-14 13:45:00+00:00,2026-01,ACC1007,CLIENT-999,GRP-202601-50,CREDIT,COMPLETED,200.0,USD,900.0,1100.0,RPT01,True,hash00000000000000000000000000000000000000000000000000000000000E,0000000000000000000000000000000000000000000000000000000000000000,note=salary|employer=XYZ Corp,2026-05-27T05:06:40.291935Z,200.0,200.0,,salary,2026-01-14,2026-01,200.0,True,True,True,True,False,True,False,Cadena de hashes inválida
tx000000-0000-0000-0000-000000000010,2026-01-16 15:05:00+00:00,2026-01,ACC1008,CLIENT-222,GRP-202601-60,CREDIT,COMPLETED,130.0,USD,400.0,530.0,RPT01,True,hash000000000000000000000000000000000000000000000000000000000010,00000000000000000000000000000000000000000000000000000000000000F,note=transfer|channel=WIRE,2026-05-27T05:06:40.291935Z,130.0,130.0,WIRE,transfer,2026-01-16,2026-01,130.0,True,True,True,True,False,True,False,Cadena de hashes inválida
tx000000-0000-0000-0000-000000000012,2026-01-18 17:20:00+00:00,2026-01,ACC1009,CLIENT-444,GRP-202601-70,CREDIT,COMPLETED,700.0,USD,50.0,750.0,RPT01,True,hash000000000000000000000000000000000000000000000000000000000012,0000000000000000000000000000000000000000000000000000000000000000,note=deposit|channel=ATM,2026-05-27T05:06:40.291935Z,700.0,700.0,ATM,deposit,2026-01-18,2026-01,700.0,True,True,True,True,False,True,False,Cadena de hashes inválida
tx000000-0000-0000-0000-000000000014,2026-01-20 19:40:00+00:00,2026-01,ACC1010,CLIENT-777,GRP-202601-80,CREDIT,COMPLETED,320.0,USD,1200.0,1520.0,RPT01,True,hash000000000000000000000000000000000000000000000000000000000014,0000000000000000000000000000000000000000000000000000000000000000,note=refund|channel=CARD,2026-05-27T05:06:40.291935Z,320.0,320.0,CARD,refund,2026-01-20,2026-01,320.0,True,True,True,True,False,True,False,Cadena de hashes inválida
tx000000-0000-0000-0000-000000000016,2026-01-22 08:00:00+00:00,2026-01,ACC1011,CLIENT-121,GRP-202601-90,CREDIT,COMPLETED,900.0,USD,100.0,1000.0,RPT01,True,hash000000000000000000000000000000000000000000000000000000000016,0000000000000000000000000000000000000000000000000000000000000000,note=payroll|channel=WIRE,2026-05-27T05:06:40.291935Z,900.0,900.0,WIRE,payroll,2026-01-22,2026-01,900.0,True,True,True,True,False,True,False,Cadena de hashes inválida
tx000000-0000-0000-0000-000000000018,2026-01-24 10:20:00+00:00,2026-01,ACC1012,CLIENT-212,GRP-202601-92,CREDIT,COMPLETED,250.0,USD,400.0,650.0,RPT01,True,hash000000000000000000000000000000000000000000000000000000000018,0000000000000000000000000000000000000000000000000000000000000000,note=gift|channel=CARD,2026-05-27T05:06:40.291935Z,250.0,250.0,CARD,gift,2026-01-24,2026-01,250.0,True,True,True,True,False,True,False,Cadena de hashes inválida
tx000000-0000-0000-0000-00000000001A,2026-01-26 12:40:00+00:00,2026-01,ACC1013,CLIENT-313,GRP-202601-94,CREDIT,COMPLETED,400.0,USD,200.0,600.0,RPT01,True,hash00000000000000000000000000000000000000000000000000000000001A,0000000000000000000000000000000000000000000000000000000000000000,note=deposit|channel=ATM,2026-05-27T05:06:40.291935Z,400.0,400.0,ATM,deposit,2026-01-26,2026-01,400.0,True,True,True,True,False,True,False,Cadena de hashes inválida
tx000000-0000-0000-0000-00000000001C,2026-01-28 14:55:00+00:00,2026-01,ACC1014,CLIENT-414,GRP-202601-96,CREDIT,COMPLETED,220.0,USD,800.0,1020.0,RPT01,True,hash00000000000000000000000000000000000000000000000000000000001C,0000000000000000000000000000000000000000000000000000000000000000,note=invoice|channel=WIRE,2026-05-27T05:06:40.291935Z,220.0,220.0,WIRE,invoice,2026-01-28,2026-01,220.0,True,True,True,True,False,True,False,Cadena de hashes inválida
tx000000-0000-0000-0000-00000000001E,2026-01-30 16:15:00+00:00,2026-01,ACC1015,CLIENT-515,GRP-202601-98,CREDIT,COMPLETED,600.0,USD,300.0,900.0,RPT01,True,hash00000000000000000000000000000000000000000000000000000000001E,0000000000000000000000000000000000000000000000000000000000000000,note=bonus|channel=HR,2026-05-27T05:06:40.291935Z,600.0,600.0,HR,bonus,2026-01-30,2026-01,600.0,True,True,True,True,False,True,False,Cadena de hashes inválida
tx000000-0000-0000-0000-000000000020,2026-02-01 08:00:00+00:00,2026-02,ACC1001,CLIENT-100,GRP-202602-01,CREDIT,COMPLETED,2000.0,USD,5750.0,7750.0,RPT01,True,hash000000000000000000000000000000000000000000000000000000000020,hash000000000000000000000000000000000000000000000000000000000002,note=large deposit|channel=ATM,2026-05-27T05:06:40.291935Z,2000.0,2000.0,ATM,large deposit,2026-02-01,2026-02,2000.0,True,True,True,True,False,True,False,Cadena de hashes inválida
tx000000-0000-0000-0000-000000000021,2026-02-02 09:10:00+00:00,2026-02,ACC1002,CLIENT-771,GRP-202602-02,DEBIT,COMPLETED,150.0,USD,4200.0,4050.0,RPT01,True,hash000000000000000000000000000000000000000000000000000000000021,hash000000000000000000000000000000000000000000000000000000000006,note=payment|channel=CARD,2026-05-27T05:06:40.291935Z,-150.0,-150.0,CARD,payment,2026-02-02,2026-02,-150.0,True,True,True,True,False,True,False,Cadena de hashes inválida
tx000000-0000-0000-0000-000000000022,2026-02-03 10:20:00+00:00,2026-02,ACC1003,CLIENT-222,GRP-202602-03,CREDIT,COMPLETED,100.0,USD,1955.0,2055.0,RPT01,True,hash000000000000000000000000000000000000000000000000000000000022,hash000000000000000000000000000000000000000000000000000000000018,note=refund|channel=CARD,2026-05-27T05:06:40.291935Z,100.0,100.0,CARD,refund,2026-02-03,2026-02,100.0,True,True,True,True,False,True,False,Cadena de hashes inválida
tx000000-0000-0000-0000-000000000023,2026-02-04 11:30:00+00:00,2026-02,ACC1004,MERCH-777,GRP-202602-04,DEBIT,COMPLETED,20.0,USD,700.01,680.01,RPT01,True,hash000000000000000000000000000000000000000000000000000000000023,hash000000000000000000000000000000000000000000000000000000000009,note=small purchase|merchant_category=Retail,2026-05-27T05:06:40.291935Z,-20.0,-20.0,,small purchase,2026-02-04,2026-02,-20.0,True,True,True,True,False,True,False,Cadena de hashes inválida
tx000000-0000-0000-0000-000000000024,2026-02-05 12:40:00+00:00,2026-02,ACC1005,CLIENT-555,GRP-202602-05,CREDIT,COMPLETED,250.0,USD,1800.0,2050.0,RPT01,True,hash000000000000000000000000000000000000000000000000000000000024,hash00000000000000000000000000000000000000000000000000000000000A,note=client payout|channel=WIRE,2026-05-27T05:06:40.291935Z,250.0,250.0,WIRE,client payout,2026-02-05,2026-02,250.0,True,True,True,True,False,True,False,Cadena de hashes inválida
tx000000-0000-0000-0000-000000000025,2026-02-06 13:50:00+00:00,2026-02,ACC1006,CLIENT-888,GRP-202602-06,DEBIT,COMPLETED,12.0,USD,650.0,638.0,RPT01,True,invalidhashshort,hash00000000000000000000000000000000000000000000000000000000000C,note=subscription|plan=basic,2026-05-27T05:06:40.291935Z,-12.0,-12.0,,subscription,2026-02-06,2026-02,-12.0,True,True,True,True,False,True,False,Cadena de hashes inválida
tx000000-0000-0000-0000-000000000026,2026-02-07 14:55:00+00:00,2026-02,ACC1007,CLIENT-999,GRP-202602-07,CREDIT,COMPLETED,400.0,USD,1100.0,1500.0,RPT01,True,hash000000000000000000000000000000000000000000000000000000000026,hash00000000000000000000000000000000000000000000000000000000001E,note=salary|employer=XYZ,2026-05-27T05:06:40.291935Z,400.0,400.0,,salary,2026-02-07,2026-02,400.0,True,True,True,True,False,True,False,Cadena de hashes inválida
tx000000-0000-0000-0000-000000000027,2026-02-08 15:05:00+00:00,2026-02,ACC1008,MERCH-500,GRP-202602-08,DEBIT,COMPLETED,15.0,USD,530.0,515.0,RPT01,True,hash000000000000000000000000000000000000000000000000000000000027,hash000000000000000000000000000000000000000000000000000000000010,note=fast food|merchant_category=Food,2026-05-27T05:06:40.291935Z,-15.0,-15.0,,fast food,2026-02-08,2026-02,-15.0,True,True,True,True,False,True,False,Cadena de hashes inválida
tx000000-0000-0000-0000-000000000028,2026-02-09 16:15:00+00:00,2026-02,ACC1009,CLIENT-444,GRP-202602-09,CREDIT,COMPLETED,800.0,USD,750.0,1550.0,RPT01,True,hash000000000000000000000000000000000000000000000000000000000028,hash000000000000000000000000000000000000000000000000000000000012,note=deposit|channel=ATM,2026-05-27T05:06:40.291935Z,800.0,800.0,ATM,deposit,2026-02-09,2026-02,800.0,True,True,True,True,False,True,False,Cadena de hashes inválida
tx000000-0000-0000-0000-000000000029,2026-02-10 17:25:00+00:00,2026-02,ACC1010,MERCH-303,GRP-202602-10,DEBIT,COMPLETED,60.0,USD,1520.0,1460.0,RPT01,True,hash000000000000000000000000000000000000000000000000000000000029,hash000000000000000000000000000000000000000000000000000000000014,note=groceries|merchant_category=Food,2026-05-27T05:06:40.291935Z,-60.0,-60.0,,groceries,2026-02-10,2026-02,-60.0,True,True,True,True,False,True,False,Cadena de hashes inválida
tx000000-0000-0000-0000-00000000002A,2026-02-11 18:35:00+00:00,2026-02,ACC1011,CLIENT-121,GRP-202602-11,CREDIT,COMPLETED,950.0,USD,1000.0,1950.0,RPT01,True,hash00000000000000000000000000000000000000000000000000000000002A,hash000000000000000000000000000000000000000000000000000000000016,note=payroll|channel=WIRE,2026-05-27T05:06:40.291935Z,950.0,950.0,WIRE,payroll,2026-02-11,2026-02,950.0,True,True,True,True,False,True,False,Cadena de hashes inválida
tx000000-0000-0000-0000-00000000002B,2026-02-12 19:45:00+00:00,2026-02,ACC1012,MERCH-101,GRP-202602-12,DEBIT,COMPLETED,130.0,USD,650.0,520.0,RPT01,True,hash00000000000000000000000000000000000000000000000000000000002B,hash000000000000000000000000000000000000000000000000000000000018,note=market|merchant_category=Food,2026-05-27T05:06:40.291935Z,-130.0,-130.0,,market,2026-02-12,2026-02,-130.0,True,True,True,True,False,True,False,Cadena de hashes inválida
tx000000-0000-0000-0000-00000000002C,2026-02-13 08:00:00+00:00,2026-02,ACC1013,CLIENT-313,GRP-202602-13,CREDIT,COMPLETED,500.0,USD,600.0,1100.0,RPT01,True,hash00000000000000000000000000000000000000000000000000000000002C,hash00000000000000000000000000000000000000000000000000000000001A,note=deposit|channel=ATM,2026-05-27T05:06:40.291935Z,500.0,500.0,ATM,deposit,2026-02-13,2026-02,500.0,True,True,True,True,False,True,False,Cadena de hashes inválida
tx000000-0000-0000-0000-00000000002D,2026-02-14 09:10:00+00:00,2026-02,ACC1014,MERCH-202,GRP-202602-14,DEBIT,COMPLETED,40.0,USD,1020.0,980.0,RPT01,True,hash00000000000000000000000000000000000000000000000000000000002D,hash00000000000000000000000000000000000000000000000000000000001C,note=books|merchant_category=Books,2026-05-27T05:06:40.291935Z,-40.0,-40.0,,books,2026-02-14,2026-02,-40.0,True,True,True,True,False,True,False,Cadena de hashes inválida
tx000000-0000-0000-0000-00000000002E,2026-02-15 10:20:00+00:00,2026-02,ACC1015,CLIENT-515,GRP-202602-15,CREDIT,COMPLETED,0.0,USD,900.0,900.0,RPT01,True,hash00000000000000000000000000000000000000000000000000000000002E,hash00000000000000000000000000000000000000000000000000000000001E,note=zero amount test|channel=TEST,2026-05-27T05:06:40.291935Z,0.0,0.0,TEST,zero amount test,2026-02-15,2026-02,0.0,True,True,False,True,False,True,False,Monto inválido | Cadena de hashes inválida
tx000000-0000-0000-0000-00000000002F,2026-02-16 11:30:00+00:00,2026-02,ACC1016,MERCH-404,GRP-202602-16,DEBIT,COMPLETED,,USD,820.0,,RPT01,True,hash00000000000000000000000000000000000000000000000000000000002F,hash00000000000000000000000000000000000000000000000000000000001F,note=invalid amount|merchant_category=Tech,2026-05-27T05:06:40.291935Z,,,,invalid amount,2026-02-16,2026-02,,False,True,False,True,False,True,False,Monto inválido | Saldo inconsistente | Cadena de hashes inválida
tx000000-0000-0000-0000-000000000030,2026-02-17 12:40:00+00:00,2026-02,ACC1016,CLIENT-626,GRP-202602-17,CREDIT,COMPLETED,250.0,US$,820.0,1070.0,RPT01,True,hash000000000000000000000000000000000000000000000000000000000030,hash00000000000000000000000000000000000000000000000000000000001F,note=invalid currency symbol,2026-05-27T05:06:40.291935Z,250.0,250.0,,invalid currency symbol,2026-02-17,2026-02,250.0,True,True,True,True,False,True,False,Cadena de hashes inválida
tx000000-0000-0000-0000-000000000031,,2026-02,ACC1017,CLIENT-727,GRP-202602-18,DEBIT,COMPLETED,45.0,USD,195.0,150.0,RPT01,True,hash000000000000000000000000000000000000000000000000000000000031,hash00000000000000000000000000000000000000000000000000000000002A,note=bad date format,2026-05-27T05:06:40.291935Z,-45.0,-45.0,,bad date format,,,-45.0,True,False,True,True,False,True,False,Mes de reporte no coincide con created_at | Cadena de hashes inválida
tx000000-0000-0000-0000-000000000032,2026-02-19 14:55:00+00:00,2026-02,ACC1017, ,GRP-202602-19,CREDIT,COMPLETED,75.0,USD,150.0,225.0,RPT01,True,632b0a7fe8037bddd8091da1fa9ecd145ab34e14935b8de7de3f08ea7609e2a2,hash000000000000000000000000000000000000000000000000000000000031,note=missing record_hash,2026-05-27T05:06:40.291935Z,75.0,75.0,,missing record_hash,2026-02-19,2026-02,75.0,True,True,True,True,False,True,False,Cadena de hashes inválida
tx000000-0000-0000-0000-000000000033,2026-02-20 15:05:00+00:00,2026-02,ACC1018,CLIENT-828,GRP-202602-20,DEBIT,FAILED,100.0,USD,400.0,300.0,RPT01,True,hash000000000000000000000000000000000000000000000000000000000033,hash000000000000000000000000000000000000000000000000000000000032,note=failed transaction,2026-05-27T05:06:40.291935Z,-100.0,-100.0,,failed transaction,2026-02-20,2026-02,-100.0,True,True,True,True,False,True,False,Cadena de hashes inválida
tx000000-0000-0000-0000-000000000034,2026-02-21 16:15:00+00:00,2026-02,ACC1018,MERCH-909,GRP-202602-21,DEBIT,COMPLETED,-50.0,USD,300.0,350.0,RPT01,True,hash000000000000000000000000000000000000000000000000000000000034,hash000000000000000000000000000000000000000000000000000000000033,note=negative amount error,2026-05-27T05:06:40.291935Z,-50.0,50.0,,negative amount error,2026-02-21,2026-02,-50.0,False,True,False,True,True,True,False,Monto inválido | Saldo inconsistente
tx000000-0000-0000-0000-000000000035,2026-02-22 17:25:00+00:00,2026-02,ACC1019,CLIENT-929,GRP-202602-22,CREDIT,COMPLETED,1000.0,USD,50.0,1050.0,RPT01,True,hash000000000000000000000000000000000000000000000000000000000035,hash00000000000000000000000000000000000000000000000000000000002E,note=deposit|channel=ATM,2026-05-27T05:06:40.291935Z,1000.0,1000.0,ATM,deposit,2026-02-22,2026-02,1000.0,True,True,True,True,False,True,False,Cadena de hashes inválida
tx000000-0000-0000-0000-000000000037,2026-03-01 08:00:00+00:00,2026-03,ACC1001,CLIENT-100,GRP-202603-01,CREDIT,COMPLETED,1500.0,USD,7750.0,9250.0,RPT01,True,hash000000000000000000000000000000000000000000000000000000000037,hash000000000000000000000000000000000000000000000000000000000020,note=pay in|channel=ACH,2026-05-27T05:06:40.291935Z,1500.0,1500.0,ACH,pay in,2026-03-01,2026-03,1500.0,True,True,True,True,False,True,False,Cadena de hashes inválida
tx000000-0000-0000-0000-000000000038,2026-03-02 09:10:00+00:00,2026-03,ACC1002,CLIENT-771,GRP-202603-02,DEBIT,COMPLETED,300.0,USD,4050.0,3750.0,RPT01,True,hash000000000000000000000000000000000000000000000000000000000038,hash000000000000000000000000000000000000000000000000000000000021,note=loan repayment,2026-05-27T05:06:40.291935Z,-300.0,-300.0,,loan repayment,2026-03-02,2026-03,-300.0,True,True,True,True,False,True,False,Cadena de hashes inválida
tx000000-0000-0000-0000-000000000039,2026-03-03 10:20:00+00:00,2026-03,ACC1003,CLIENT-222,GRP-202603-03,CREDIT,COMPLETED,200.0,USD,2055.0,2255.0,RPT01,True,hash000000000000000000000000000000000000000000000000000000000039,hash000000000000000000000000000000000000000000000000000000000022,note=client deposit,2026-05-27T05:06:40.291935Z,200.0,200.0,,client deposit,2026-03-03,2026-03,200.0,True,True,True,True,False,True,False,Cadena de hashes inválida
tx000000-0000-0000-0000-00000000003A,2026-03-04 11:30:00+00:00,2026-03,ACC1004,MERCH-777,GRP-202603-04,DEBIT,COMPLETED,15.0,USD,680.01,665.01,RPT01,True,hash00000000000000000000000000000000000000000000000000000000003A,hash000000000000000000000000000000000000000000000000000000000023,note=coffee|merchant_category=Food,2026-05-27T05:06:40.291935Z,-15.0,-15.0,,coffee,2026-03-04,2026-03,-15.0,True,True,True,True,False,True,False,Cadena de hashes inválida
tx000000-0000-0000-0000-00000000003B,2026-03-05 12:40:00+00:00,2026-03,ACC1005,CLIENT-555,GRP-202603-05,CREDIT,COMPLETED,100.0,USD,2050.0,2150.0,RPT01,True,hash00000000000000000000000000000000000000000000000000000000003B,hash000000000000000000000000000000000000000000000000000000000024,note=small deposit,2026-05-27T05:06:40.291935Z,100.0,100.0,,small deposit,2026-03-05,2026-03,100.0,True,True,True,True,False,True,False,Cadena de hashes inválida
tx000000-0000-0000-0000-00000000003C,2026-03-06 13:50:00+00:00,2026-03,ACC1006,CLIENT-888,GRP-202603-06,DEBIT,COMPLETED,22.0,USD,638.0,616.0,RPT01,True,hash00000000000000000000000000000000000000000000000000000000003C,invalidprevhash,note=subscription renewal,2026-05-27T05:06:40.291935Z,-22.0,-22.0,,subscription renewal,2026-03-06,2026-03,-22.0,True,True,True,True,False,True,False,Cadena de hashes inválida
tx000000-0000-0000-0000-00000000003D,2026-03-07 14:55:00+00:00,2026-03,ACC1007,CLIENT-999,GRP-202603-07,CREDIT,COMPLETED,250.0,USD,1500.0,1750.0,RPT01,True,hash00000000000000000000000000000000000000000000000000000000003D,hash000000000000000000000000000000000000000000000000000000000026,note=salary,2026-05-27T05:06:40.291935Z,250.0,250.0,,salary,2026-03-07,2026-03,250.0,True,True,True,True,False,True,False,Cadena de hashes inválida
tx000000-0000-0000-0000-00000000003E,2026-03-08 15:05:00+00:00,2026-03,ACC1008,MERCH-500,GRP-202603-08,DEBIT,COMPLETED,10.0,USD,515.0,505.0,RPT01,True,hash00000000000000000000000000000000000000000000000000000000003E,hash000000000000000000000000000000000000000000000000000000000027,note=snack,2026-05-27T05:06:40.291935Z,-10.0,-10.0,,snack,2026-03-08,2026-03,-10.0,True,True,True,True,False,True,False,Cadena de hashes inválida
tx000000-0000-0000-0000-00000000003F,2026-03-09 16:15:00+00:00,2026-03,ACC1009,CLIENT-444,GRP-202603-09,CREDIT,COMPLETED,600.0,USD,1550.0,2150.0,RPT01,True,hash00000000000000000000000000000000000000000000000000000000003F,hash000000000000000000000000000000000000000000000000000000000028,note=deposit,2026-05-27T05:06:40.291935Z,600.0,600.0,,deposit,2026-03-09,2026-03,600.0,True,True,True,True,False,True,False,Cadena de hashes inválida
tx000000-0000-0000-0000-000000000040,2026-03-10 17:25:00+00:00,2026-03,ACC1010,MERCH-303,GRP-202603-10,DEBIT,COMPLETED,70.0,USD,1460.0,1390.0,RPT01,True,hash000000000000000000000000000000000000000000000000000000000040,hash000000000000000000000000000000000000000000000000000000000029,note=electronics|merchant_category=Tech,2026-05-27T05:06:40.291935Z,-70.0,-70.0,,electronics,2026-03-10,2026-03,-70.0,True,True,True,True,False,True,False,Cadena de hashes inválida
tx000000-0000-0000-0000-000000000041,2026-03-11 08:30:00+00:00,2026-03,ACC1011,CLIENT-121,GRP-202603-11,CREDIT,COMPLETED,1100.0,USD,1950.0,3050.0,RPT01,True,hash000000000000000000000000000000000000000000000000000000000041,hash00000000000000000000000000000000000000000000000000000000002A,note=bonus,2026-05-27T05:06:40.291935Z,1100.0,1100.0,,bonus,2026-03-11,2026-03,1100.0,True,True,True,True,False,True,False,Cadena de hashes inválida
tx000000-0000-0000-0000-000000000042,2026-03-12 09:40:00+00:00,2026-03,ACC1012,MERCH-101,GRP-202603-12,DEBIT,COMPLETED,140.0,USD,520.0,380.0,RPT01,True,hash000000000000000000000000000000000000000000000000000000000042,hash00000000000000000000000000000000000000000000000000000000002B,note=market|merchant_category=Food,2026-05-27T05:06:40.291935Z,-140.0,-140.0,,market,2026-03-12,2026-03,-140.0,True,True,True,True,False,True,False,Cadena de hashes inválida
tx000000-0000-0000-0000-000000000043,2026-03-13 10:50:00+00:00,2026-03,ACC1013,CLIENT-313,GRP-202603-13,CREDIT,COMPLETED,500.0,USD,1100.0,1600.0,RPT01,True,hash000000000000000000000000000000000000000000000000000000000043,hash00000000000000000000000000000000000000000000000000000000002C,note=payin,2026-05-27T05:06:40.291935Z,500.0,500.0,,payin,2026-03-13,2026-03,500.0,True,True,True,True,False,True,False,Cadena de hashes inválida
tx000000-0000-0000-0000-000000000044,2026-03-14 11:55:00+00:00,2026-03,ACC1014,MERCH-202,GRP-202603-14,DEBIT,COMPLETED,55.0,USD,980.0,925.0,RPT01,True,hash000000000000000000000000000000000000000000000000000000000044,hash00000000000000000000000000000000000000000000000000000000002D,note=books,2026-05-27T05:06:40.291935Z,-55.0,-55.0,,books,2026-03-14,2026-03,-55.0,True,True,True,True,False,True,False,Cadena de hashes inválida
tx000000-0000-0000-0000-000000000045,2026-03-15 12:05:00+00:00,2026-03,ACC1015,CLIENT-515,GRP-202603-15,CREDIT,COMPLETED,700.0,USD,900.0,1600.0,RPT01,True,hash000000000000000000000000000000000000000000000000000000000045,hash00000000000000000000000000000000000000000000000000000000002E,note=bonus payout,2026-05-27T05:06:40.291935Z,700.0,700.0,,bonus payout,2026-03-15,2026-03,700.0,True,True,True,True,False,True,False,Cadena de hashes inválida
tx000000-0000-0000-0000-000000000046,2026-03-16 13:15:00+00:00,2026-03,ACC1016,MERCH-404,GRP-202603-16,DEBIT,COMPLETED,49.99,USD,,950.01,RPT01,True,hash000000000000000000000000000000000000000000000000000000000046,hash00000000000000000000000000000000000000000000000000000000002F,note=missing balance_before,2026-05-27T05:06:40.291935Z,-49.99,,,missing balance_before,2026-03-16,2026-03,-49.99,False,True,True,True,False,True,False,Saldo inconsistente | Cadena de hashes inválida
tx000000-0000-0000-0000-000000000047,2026-03-17 14:25:00+00:00,2026-03,ACC1017,CLIENT-727,GRP-202603-17,CREDIT,COMPLETED,600.0,USD,150.0,750.0,RPT01,True,hash000000000000000000000000000000000000000000000000000000000047,hash000000000000000000000000000000000000000000000000000000000031,note=deposit,2026-05-27T05:06:40.291935Z,600.0,600.0,,deposit,2026-03-17,2026-03,600.0,True,True,True,True,False,True,False,Cadena de hashes inválida
tx000000-0000-0000-0000-000000000048,2026-03-18 15:35:00+00:00,2026-03,ACC1018,MERCH-909,GRP-202603-18,DEBIT,COMPLETED,35.0,USD,300.0,265.0,RPT01,True,hash000000000000000000000000000000000000000000000000000000000048,hash000000000000000000000000000000000000000000000000000000000033,note=retail,2026-05-27T05:06:40.291935Z,-35.0,-35.0,,retail,2026-03-18,2026-03,-35.0,True,True,True,True,False,True,False,Cadena de hashes inválida
tx000000-0000-0000-0000-000000000049,2026-03-19 16:45:00+00:00,2026-03,ACC1019,CLIENT-929,GRP-202603-19,CREDIT,COMPLETED,500.0,USD,1050.0,1550.0,RPT01,True,hash000000000000000000000000000000000000000000000000000000000049,hash000000000000000000000000000000000000000000000000000000000035,note=deposit,2026-05-27T05:06:40.291935Z,500.0,500.0,,deposit,2026-03-19,2026-03,500.0,True,True,True,True,False,True,False,Cadena de hashes inválida
tx000000-0000-0000-0000-00000000004A,2026-03-20 17:55:00+00:00,2026-03,ACC1020,MERCH-111,GRP-202603-20,DEBIT,COMPLETED,9.99,USD,90.01,80.02,RPT01,True,hash00000000000000000000000000000000000000000000000000000000004A,hash000000000000000000000000000000000000000000000000000000000036,note=small item,2026-05-27T05:06:40.291935Z,-9.99,-9.990000000000009,,small item,2026-03-20,2026-03,-9.99,True,True,True,True,False,True,False,Cadena de hashes inválida
tx000000-0000-0000-0000-00000000004B,2026-03-21 18:05:00+00:00,2026-03,ACC1001,CLIENT-100,GRP-202603-21,DEBIT,COMPLETED,3000.0,USD,9250.0,6250.0,RPT01,True,hash00000000000000000000000000000000000000000000000000000000004B,hash000000000000000000000000000000000000000000000000000000000037,note=big payout,2026-05-27T05:06:40.291935Z,-3000.0,-3000.0,,big payout,2026-03-21,2026-03,-3000.0,True,True,True,True,False,True,False,Cadena de hashes inválida
tx000000-0000-0000-0000-00000000004C,2026-03-22 08:15:00+00:00,2026-03,ACC1002,CLIENT-771,GRP-202603-22,DEBIT,COMPLETED,400.0,USD,3750.0,3350.0,RPT01,True,hash00000000000000000000000000000000000000000000000000000000004C,hash000000000000000000000000000000000000000000000000000000000038,note=loan|channel=BANK,2026-05-27T05:06:40.291935Z,-400.0,-400.0,BANK,loan,2026-03-22,2026-03,-400.0,True,True,True,True,False,True,False,Cadena de hashes inválida
tx000000-0000-0000-0000-00000000004D,2026-03-23 09:25:00+00:00,2026-03,ACC1003,CLIENT-222,GRP-202603-23,CREDIT,COMPLETED,300.0,USD,2255.0,2555.0,RPT01,True,hash00000000000000000000000000000000000000000000000000000000004D,hash000000000000000000000000000000000000000000000000000000000039,note=client top-up,2026-05-27T05:06:40.291935Z,300.0,300.0,,client top-up,2026-03-23,2026-03,300.0,True,True,True,True,False,True,False,Cadena de hashes inválida
tx000000-0000-0000-0000-00000000004E,2026-03-24 10:35:00+00:00,2026-03,ACC1004,MERCH-777,GRP-202603-24,DEBIT,COMPLETED,25.0,USD,665.01,640.01,RPT01,True,hash00000000000000000000000000000000000000000000000000000000004E,hash00000000000000000000000000000000000000000000000000000000003A,note=dining,2026-05-27T05:06:40.291935Z,-25.0,-25.0,,dining,2026-03-24,2026-03,-25.0,True,True,True,True,False,True,False,Cadena de hashes inválida
tx000000-0000-0000-0000-00000000004F,2026-03-25 11:45:00+00:00,2026-03,ACC1005,CLIENT-555,GRP-202603-25,CREDIT,COMPLETED,130.0,USD,2150.0,2280.0,RPT01,True,hash00000000000000000000000000000000000000000000000000000000004F,hash00000000000000000000000000000000000000000000000000000000003B,note=small deposit,2026-05-27T05:06:40.291935Z,130.0,130.0,,small deposit,2026-03-25,2026-03,130.0,True,True,True,True,False,True,False,Cadena de hashes inválida
tx000000-0000-0000-0000-000000000050,2026-03-26 12:55:00+00:00,2026-03,ACC1006,CLIENT-888,GRP-202603-26,DEBIT,COMPLETED,40.0,USD,616.0,576.0,RPT01,True,hash000000000000000000000000000000000000000000000000000000000050,hash00000000000000000000000000000000000000000000000000000000003C,note=service|merchant_category=Misc,2026-05-27T05:06:40.291935Z,-40.0,-40.0,,service,2026-03-26,2026-03,-40.0,True,True,True,True,False,True,False,Cadena de hashes inválida
tx000000-0000-0000-0000-000000000051,2026-03-27 13:05:00+00:00,2026-03,ACC1007,CLIENT-999,GRP-202603-27,CREDIT,COMPLETED,220.0,USD,1750.0,1970.0,RPT01,True,hash000000000000000000000000000000000000000000000000000000000051,hash00000000000000000000000000000000000000000000000000000000003D,note=salary,2026-05-27T05:06:40.291935Z,220.0,220.0,,salary,2026-03-27,2026-03,220.0,True,True,True,True,False,True,False,Cadena de hashes inválida
tx000000-0000-0000-0000-000000000052,2026-03-28 14:15:00+00:00,2026-03,ACC1008,MERCH-500,GRP-202603-28,DEBIT,COMPLETED,18.0,USD,505.0,487.0,RPT01,True,hash000000000000000000000000000000000000000000000000000000000052,hash00000000000000000000000000000000000000000000000000000000003E,note=breakfast,2026-05-27T05:06:40.291935Z,-18.0,-18.0,,breakfast,2026-03-28,2026-03,-18.0,True,True,True,True,False,True,False,Cadena de hashes inválida
tx000000-0000-0000-0000-000000000053,2026-03-29 15:25:00+00:00,2026-03,ACC1009,CLIENT-444,GRP-202603-29,CREDIT,COMPLETED,350.0,USD,2150.0,2500.0,RPT01,True,hash000000000000000000000000000000000000000000000000000000000053,hash00000000000000000000000000000000000000000000000000000000003F,note=deposit,2026-05-27T05:06:40.291935Z,350.0,350.0,,deposit,2026-03-29,2026-03,350.0,True,True,True,True,False,True,False,Cadena de hashes inválida
tx000000-0000-0000-0000-000000000054,2026-03-30 16:35:00+00:00,2026-03,ACC1010,MERCH-303,GRP-202603-30,DEBIT,COMPLETED,95.0,USD,1390.0,1295.0,RPT01,True,hash000000000000000000000000000000000000000000000000000000000054,hash000000000000000000000000000000000000000000000000000000000040,note=clothes,2026-05-27T05:06:40.291935Z,-95.0,-95.0,,clothes,2026-03-30,2026-03,-95.0,True,True,True,True,False,True,False,Cadena de hashes inválida
tx000000-0000-0000-0000-000000000055,2026-03-31 17:45:00+00:00,2026-03,ACC1011,CLIENT-121,GRP-202603-31,CREDIT,COMPLETED,500.0,USD,3050.0,3550.0,RPT01,True,hash000000000000000000000000000000000000000000000000000000000055,hash000000000000000000000000000000000000000000000000000000000041,note=bonus,2026-05-27T05:06:40.291935Z,500.0,500.0,,bonus,2026-03-31,2026-03,500.0,True,True,True,True,False,True,False,Cadena de hashes inválida
tx000000-0000-0000-0000-000000000056,2026-04-01 08:00:00+00:00,2026-04,ACC1012,MERCH-101,GRP-202604-01,DEBIT,COMPLETED,10.0,USD,380.0,370.0,RPT01,True,hash000000000000000000000000000000000000000000000000000000000056,hash000000000000000000000000000000000000000000000000000000000042,note=market,2026-05-27T05:06:40.291935Z,-10.0,-10.0,,market,2026-04-01,2026-04,-10.0,True,True,True,True,False,True,False,Cadena de hashes inválida
tx000000-0000-0000-0000-000000000057,2026-04-02 09:10:00+00:00,2026-04,ACC1013,CLIENT-313,GRP-202604-02,CREDIT,COMPLETED,600.0,USD,1600.0,2200.0,RPT01,True,hash000000000000000000000000000000000000000000000000000000000057,hash000000000000000000000000000000000000000000000000000000000043,note=deposit,2026-05-27T05:06:40.291935Z,600.0,600.0,,deposit,2026-04-02,2026-04,600.0,True,True,True,True,False,True,False,Cadena de hashes inválida
tx000000-0000-0000-0000-000000000058,2026-04-03 10:20:00+00:00,2026-04,ACC1014,MERCH-202,GRP-202604-03,DEBIT,COMPLETED,60.0,USD,925.0,865.0,RPT01,True,hash000000000000000000000000000000000000000000000000000000000058,hash000000000000000000000000000000000000000000000000000000000044,note=books,2026-05-27T05:06:40.291935Z,-60.0,-60.0,,books,2026-04-03,2026-04,-60.0,True,True,True,True,False,True,False,Cadena de hashes inválida
tx000000-0000-0000-0000-000000000059,2026-04-04 11:30:00+00:00,2026-04,ACC1015,CLIENT-515,GRP-202604-04,CREDIT,COMPLETED,800.0,USD,1600.0,2400.0,RPT01,True,hash000000000000000000000000000000000000000000000000000000000059,hash000000000000000000000000000000000000000000000000000000000045,note=payroll,2026-05-27T05:06:40.291935Z,800.0,800.0,,payroll,2026-04-04,2026-04,800.0,True,True,True,True,False,True,False,Cadena de hashes inválida
tx000000-0000-0000-0000-00000000005A,2026-04-05 12:40:00+00:00,2026-04,ACC1016,MERCH-404,GRP-202604-05,DEBIT,COMPLETED,35.0,USD,950.01,915.01,RPT01,True,hash00000000000000000000000000000000000000000000000000000000005A,hash000000000000000000000000000000000000000000000000000000000046,note=tech accessory,2026-05-27T05:06:40.291935Z,-35.0,-35.0,,tech accessory,2026-04-05,2026-04,-35.0,True,True,True,True,False,True,False,Cadena de hashes inválida
tx000000-0000-0000-0000-00000000005B,2026-04-06 13:50:00+00:00,2026-04,ACC1017,CLIENT-727,GRP-202604-06,CREDIT,COMPLETED,700.0,USD,750.0,1450.0,RPT01,True,hash00000000000000000000000000000000000000000000000000000000005B,hash000000000000000000000000000000000000000000000000000000000047,note=deposit,2026-05-27T05:06:40.291935Z,700.0,700.0,,deposit,2026-04-06,2026-04,700.0,True,True,True,True,False,True,False,Cadena de hashes inválida
tx000000-0000-0000-0000-00000000005C,2026-04-07 14:00:00+00:00,2026-04,ACC1018,MERCH-909,GRP-202604-07,DEBIT,COMPLETED,28.0,USD,265.0,237.0,RPT01,True,hash00000000000000000000000000000000000000000000000000000000005C,hash000000000000000000000000000000000000000000000000000000000048,note=retail,2026-05-27T05:06:40.291935Z,-28.0,-28.0,,retail,2026-04-07,2026-04,-28.0,True,True,True,True,False,True,False,Cadena de hashes inválida
tx000000-0000-0000-0000-00000000005D,2026-04-08 15:10:00+00:00,2026-04,ACC1019,CLIENT-929,GRP-202604-08,CREDIT,COMPLETED,400.0,USD,1550.0,1950.0,RPT01,True,hash00000000000000000000000000000000000000000000000000000000005D,hash000000000000000000000000000000000000000000000000000000000049,note=deposit,2026-05-27T05:06:40.291935Z,400.0,400.0,,deposit,2026-04-08,2026-04,400.0,True,True,True,True,False,True,False,Cadena de hashes inválida
tx000000-0000-0000-0000-00000000005E,2026-04-09 16:20:00+00:00,2026-04,ACC1020,MERCH-111,GRP-202604-09,DEBIT,COMPLETED,5.0,USD,80.02,75.02,RPT01,True,hash00000000000000000000000000000000000000000000000000000000005E,hash00000000000000000000000000000000000000000000000000000000004A,note=fee,2026-05-27T05:06:40.291935Z,-5.0,-5.0,,fee,2026-04-09,2026-04,-5.0,True,True,True,True,False,True,False,Cadena de hashes inválida
tx000000-0000-0000-0000-00000000005F,2026-04-10 17:30:00+00:00,2026-04,ACC1001,CLIENT-100,GRP-202604-10,DEBIT,COMPLETED,100.0,USD,6250.0,6150.0,RPT01,True,hash00000000000000000000000000000000000000000000000000000000005F,hash00000000000000000000000000000000000000000000000000000000004B,note=service,2026-05-27T05:06:40.291935Z,-100.0,-100.0,,service,2026-04-10,2026-04,-100.0,True,True,True,True,False,True,False,Cadena de hashes inválida
tx000000-0000-0000-0000-000000000060,2026-04-11 08:40:00+00:00,2026-04,ACC1002,CLIENT-771,GRP-202604-11,CREDIT,COMPLETED,150.0,USD,3350.0,3500.0,RPT01,True,hash000000000000000000000000000000000000000000000000000000000060,hash00000000000000000000000000000000000000000000000000000000004C,note=payment,2026-05-27T05:06:40.291935Z,150.0,150.0,,payment,2026-04-11,2026-04,150.0,True,True,True,True,False,True,False,Cadena de hashes inválida
tx000000-0000-0000-0000-000000000061,2026-04-12 09:50:00+00:00,2026-04,ACC1003,CLIENT-222,GRP-202604-12,CREDIT,COMPLETED,180.0,USD,2555.0,2735.0,RPT01,True,hash000000000000000000000000000000000000000000000000000000000061,hash00000000000000000000000000000000000000000000000000000000004D,note=topup,2026-05-27T05:06:40.291935Z,180.0,180.0,,topup,2026-04-12,2026-04,180.0,True,True,True,True,False,True,False,Cadena de hashes inválida
tx000000-0000-0000-0000-000000000062,2026-04-13 11:00:00+00:00,2026-04,ACC1004,MERCH-777,GRP-202604-13,DEBIT,COMPLETED,45.0,USD,640.01,595.01,RPT01,True,hash000000000000000000000000000000000000000000000000000000000062,hash00000000000000000000000000000000000000000000000000000000004E,note=groceries,2026-05-27T05:06:40.291935Z,-45.0,-45.0,,groceries,2026-04-13,2026-04,-45.0,True,True,True,True,False,True,False,Cadena de hashes inválida
tx000000-0000-0000-0000-000000000063,2026-04-14 12:10:00+00:00,2026-04,ACC1005,CLIENT-555,GRP-202604-14,CREDIT,COMPLETED,210.0,USD,2280.0,2490.0,RPT01,True,hash000000000000000000000000000000000000000000000000000000000063,hash00000000000000000000000000000000000000000000000000000000004F,note=deposit,2026-05-27T05:06:40.291935Z,210.0,210.0,,deposit,2026-04-14,2026-04,210.0,True,True,True,True,False,True,False,Cadena de hashes inválida
tx000000-0000-0000-0000-000000000064,2026-04-15 13:20:00+00:00,2026-04,ACC1006,CLIENT-888,GRP-202604-15,DEBIT,COMPLETED,33.0,USD,576.0,543.0,RPT01,True,hash000000000000000000000000000000000000000000000000000000000064,hash000000000000000000000000000000000000000000000000000000000050,note=subscription,2026-05-27T05:06:40.291935Z,-33.0,-33.0,,subscription,2026-04-15,2026-04,-33.0,True,True,True,True,False,True,False,Cadena de hashes inválida
tx000000-0000-0000-0000-000000000065,2026-04-16 14:30:00+00:00,2026-04,ACC1007,CLIENT-999,GRP-202604-16,CREDIT,COMPLETED,240.0,USD,1970.0,2210.0,RPT01,True,hash000000000000000000000000000000000000000000000000000000000065,hash000000000000000000000000000000000000000000000000000000000051,note=salary,2026-05-27T05:06:40.291935Z,240.0,240.0,,salary,2026-04-16,2026-04,240.0,True,True,True,True,False,True,False,Cadena de hashes inválida
tx000000-0000-0000-0000-000000000066,2026-04-17 15:40:00+00:00,2026-04,ACC1008,MERCH-500,GRP-202604-17,DEBIT,COMPLETED,22.5,USD,487.0,464.5,RPT01,True,hash000000000000000000000000000000000000000000000000000000000066,hash000000000000000000000000000000000000000000000000000000000052,note=breakfast,2026-05-27T05:06:40.291935Z,-22.5,-22.5,,breakfast,2026-04-17,2026-04,-22.5,True,True,True,True,False,True,False,Cadena de hashes inválida
tx000000-0000-0000-0000-000000000067,2026-04-18 16:50:00+00:00,2026-04,ACC1009,CLIENT-444,GRP-202604-18,CREDIT,COMPLETED,400.0,USD,2500.0,2900.0,RPT01,True,hash000000000000000000000000000000000000000000000000000000000067,hash000000000000000000000000000000000000000000000000000000000053,note=deposit,2026-05-27T05:06:40.291935Z,400.0,400.0,,deposit,2026-04-18,2026-04,400.0,True,True,True,True,False,True,False,Cadena de hashes inválida
tx000000-0000-0000-0000-000000000068,2026-04-19 17:00:00+00:00,2026-04,ACC1010,MERCH-303,GRP-202604-19,DEBIT,COMPLETED,85.0,USD,1295.0,1210.0,RPT01,True,hash000000000000000000000000000000000000000000000000000000000068,hash000000000000000000000000000000000000000000000000000000000054,note=clothes,2026-05-27T05:06:40.291935Z,-85.0,-85.0,,clothes,2026-04-19,2026-04,-85.0,True,True,True,True,False,True,False,Cadena de hashes inválida
tx000000-0000-0000-0000-000000000069,2026-04-20 18:10:00+00:00,2026-04,ACC1011,CLIENT-121,GRP-202604-20,CREDIT,COMPLETED,600.0,USD,3550.0,4150.0,RPT01,True,hash000000000000000000000000000000000000000000000000000000000069,hash000000000000000000000000000000000000000000000000000000000055,note=bonus,2026-05-27T05:06:40.291935Z,600.0,600.0,,bonus,2026-04-20,2026-04,600.0,True,True,True,True,False,True,False,Cadena de hashes inválida
tx000000-0000-0000-0000-00000000006A,2026-04-21 08:20:00+00:00,2026-04,ACC1012,MERCH-101,GRP-202604-21,DEBIT,COMPLETED,12.0,USD,370.0,358.0,RPT01,True,hash00000000000000000000000000000000000000000000000000000000006A,hash000000000000000000000000000000000000000000000000000000000056,note=market,2026-05-27T05:06:40.291935Z,-12.0,-12.0,,market,2026-04-21,2026-04,-12.0,True,True,True,True,False,True,False,Cadena de hashes inválida
tx000000-0000-0000-0000-00000000006B,2026-04-22 09:30:00+00:00,2026-04,ACC1013,CLIENT-313,GRP-202604-22,CREDIT,COMPLETED,300.0,USD,2200.0,2500.0,RPT01,True,hash00000000000000000000000000000000000000000000000000000000006B,hash000000000000000000000000000000000000000000000000000000000063,note=deposit,2026-05-27T05:06:40.291935Z,300.0,300.0,,deposit,2026-04-22,2026-04,300.0,True,True,True,True,False,True,False,Cadena de hashes inválida
tx000000-0000-0000-0000-00000000006C,2026-04-23 10:40:00+00:00,2026-04,ACC1014,MERCH-202,GRP-202604-23,DEBIT,COMPLETED,65.0,USD,865.0,800.0,RPT01,True,hash00000000000000000000000000000000000000000000000000000000006C,hash000000000000000000000000000000000000000000000000000000000044,note=books,2026-05-27T05:06:40.291935Z,-65.0,-65.0,,books,2026-04-23,2026-04,-65.0,True,True,True,True,False,True,False,Cadena de hashes inválida
tx000000-0000-0000-0000-00000000006D,2026-04-24 11:50:00+00:00,2026-04,ACC1015,CLIENT-515,GRP-202604-24,CREDIT,COMPLETED,900.0,USD,2400.0,3300.0,RPT01,True,hash00000000000000000000000000000000000000000000000000000000006D,hash000000000000000000000000000000000000000000000000000000000063,note=bonus payout,2026-05-27T05:06:40.291935Z,900.0,900.0,,bonus payout,2026-04-24,2026-04,900.0,True,True,True,True,False,True,False,Cadena de hashes inválida
tx000000-0000-0000-0000-00000000006E,2026-04-25 12:00:00+00:00,2026-04,ACC1016,MERCH-404,GRP-202604-25,DEBIT,COMPLETED,44.0,USD,915.01,871.01,RPT01,True,hash00000000000000000000000000000000000000000000000000000000006E,hash00000000000000000000000000000000000000000000000000000000005A,note=tech purchase,2026-05-27T05:06:40.291935Z,-44.0,-44.0,,tech purchase,2026-04-25,2026-04,-44.0,True,True,True,True,False,True,False,Cadena de hashes inválida
tx000000-0000-0000-0000-00000000006F,2026-04-26 13:10:00+00:00,2026-04,ACC1017,CLIENT-727,GRP-202604-26,CREDIT,COMPLETED,800.0,USD,1450.0,2250.0,RPT01,True,hash00000000000000000000000000000000000000000000000000000000006F,hash00000000000000000000000000000000000000000000000000000000005B,note=deposit,2026-05-27T05:06:40.291935Z,800.0,800.0,,deposit,2026-04-26,2026-04,800.0,True,True,True,True,False,True,False,Cadena de hashes inválida
tx000000-0000-0000-0000-000000000070,2026-04-27 14:20:00+00:00,2026-04,ACC1018,MERCH-909,GRP-202604-27,DEBIT,COMPLETED,33.5,USD,237.0,203.5,RPT01,True,hash000000000000000000000000000000000000000000000000000000000070,hash00000000000000000000000000000000000000000000000000000000005C,note=retail,2026-05-27T05:06:40.291935Z,-33.5,-33.5,,retail,2026-04-27,2026-04,-33.5,True,True,True,True,False,True,False,Cadena de hashes inválida
tx000000-0000-0000-0000-000000000071,2026-04-28 15:30:00+00:00,2026-04,ACC1019,CLIENT-929,GRP-202604-28,CREDIT,COMPLETED,450.0,USD,1950.0,2400.0,RPT01,True,hash000000000000000000000000000000000000000000000000000000000071,hash00000000000000000000000000000000000000000000000000000000005D,note=deposit,2026-05-27T05:06:40.291935Z,450.0,450.0,,deposit,2026-04-28,2026-04,450.0,True,True,True,True,False,True,False,Cadena de hashes inválida
tx000000-0000-0000-0000-000000000072,2026-04-29 16:40:00+00:00,2026-04,ACC1020,MERCH-111,GRP-202604-29,DEBIT,COMPLETED,7.5,USD,75.02,67.52,RPT01,True,hash000000000000000000000000000000000000000000000000000000000072,hash00000000000000000000000000000000000000000000000000000000005E,note=small fee,2026-05-27T05:06:40.291935Z,-7.5,-7.5,,small fee,2026-04-29,2026-04,-7.5,True,True,True,True,False,True,False,Cadena de hashes inválida
tx000000-0000-0000-0000-000000000073,2026-04-30 17:50:00+00:00,2026-04,ACC1001,CLIENT-100,GRP-202604-30,DEBIT,COMPLETED,500.0,USD,6150.0,5650.0,RPT01,True,hash000000000000000000000000000000000000000000000000000000000073,hash00000000000000000000000000000000000000000000000000000000005F,note=withdrawal,2026-05-27T05:06:40.291935Z,-500.0,-500.0,,withdrawal,2026-04-30,2026-04,-500.0,True,True,True,True,False,True,False,Cadena de hashes inválida
tx000000-0000-0000-0000-000000000074,2026-05-01 08:00:00+00:00,2026-05,ACC1002,CLIENT-771,GRP-202605-01,CREDIT,COMPLETED,200.0,USD,3500.0,3700.0,RPT01,True,hash000000000000000000000000000000000000000000000000000000000074,hash000000000000000000000000000000000000000000000000000000000060,note=payment,2026-05-27T05:06:40.291935Z,200.0,200.0,,payment,2026-05-01,2026-05,200.0,True,True,True,True,False,True,False,Cadena de hashes inválida
tx000000-0000-0000-0000-000000000075,2026-05-02 09:10:00+00:00,2026-05,ACC1003,CLIENT-222,GRP-202605-02,DEBIT,COMPLETED,60.0,USD,2735.0,2675.0,RPT01,True,hash000000000000000000000000000000000000000000000000000000000075,hash000000000000000000000000000000000000000000000000000000000061,note=utilities,2026-05-27T05:06:40.291935Z,-60.0,-60.0,,utilities,2026-05-02,2026-05,-60.0,True,True,True,True,False,True,False,Cadena de hashes inválida
tx000000-0000-0000-0000-000000000076,2026-05-03 10:20:00+00:00,2026-05,ACC1004,MERCH-777,GRP-202605-03,DEBIT,COMPLETED,30.0,USD,640.01,610.01,RPT01,True,hash000000000000000000000000000000000000000000000000000000000076,hash00000000000000000000000000000000000000000000000000000000004E,note=groceries,2026-05-27T05:06:40.291935Z,-30.0,-30.0,,groceries,2026-05-03,2026-05,-30.0,True,True,True,True,False,True,False,Cadena de hashes inválida
tx000000-0000-0000-0000-000000000077,2026-05-04 11:30:00+00:00,2026-05,ACC1005,CLIENT-555,GRP-202605-04,CREDIT,COMPLETED,180.0,USD,2490.0,2670.0,RPT01,True,hash000000000000000000000000000000000000000000000000000000000077,hash000000000000000000000000000000000000000000000000000000000063,note=deposit,2026-05-27T05:06:40.291935Z,180.0,180.0,,deposit,2026-05-04,2026-05,180.0,True,True,True,True,False,True,False,Cadena de hashes inválida
tx000000-0000-0000-0000-000000000078,2026-05-05 12:40:00+00:00,2026-05,ACC1006,CLIENT-888,GRP-202605-05,DEBIT,COMPLETED,20.0,USD,543.0,523.0,RPT01,True,hash000000000000000000000000000000000000000000000000000000000078,hash000000000000000000000000000000000000000000000000000000000064,note=subscription,2026-05-27T05:06:40.291935Z,-20.0,-20.0,,subscription,2026-05-05,2026-05,-20.0,True,True,True,True,False,True,False,Cadena de hashes inválida
tx000000-0000-0000-0000-000000000079,2026-05-06 13:50:00+00:00,2026-05,ACC1007,CLIENT-999,GRP-202605-06,CREDIT,COMPLETED,260.0,USD,2210.0,2470.0,RPT01,True,hash000000000000000000000000000000000000000000000000000000000079,hash000000000000000000000000000000000000000000000000000000000065,note=salary,2026-05-27T05:06:40.291935Z,260.0,260.0,,salary,2026-05-06,2026-05,260.0,True,True,True,True,False,True,False,Cadena de hashes inválida
tx000000-0000-0000-0000-00000000007A,2026-05-07 14:00:00+00:00,2026-05,ACC1008,MERCH-500,GRP-202605-07,DEBIT,COMPLETED,25.0,USD,487.0,462.0,RPT01,True,hash00000000000000000000000000000000000000000000000000000000007A,hash000000000000000000000000000000000000000000000000000000000066,note=coffee,2026-05-27T05:06:40.291935Z,-25.0,-25.0,,coffee,2026-05-07,2026-05,-25.0,True,True,True,True,False,True,False,Cadena de hashes inválida
tx000000-0000-0000-0000-00000000007B,2026-05-08 15:10:00+00:00,2026-05,ACC1009,CLIENT-444,GRP-202605-08,CREDIT,COMPLETED,320.0,USD,2900.0,3220.0,RPT01,True,hash00000000000000000000000000000000000000000000000000000000007B,hash000000000000000000000000000000000000000000000000000000000067,note=client deposit,2026-05-27T05:06:40.291935Z,320.0,320.0,,client deposit,2026-05-08,2026-05,320.0,True,True,True,True,False,True,False,Cadena de hashes inválida
tx000000-0000-0000-0000-00000000007C,2026-05-09 16:20:00+00:00,2026-05,ACC1010,MERCH-303,GRP-202605-09,DEBIT,COMPLETED,99.0,USD,1210.0,1111.0,RPT01,True,hash00000000000000000000000000000000000000000000000000000000007C,hash000000000000000000000000000000000000000000000000000000000068,note=clothes,2026-05-27T05:06:40.291935Z,-99.0,-99.0,,clothes,2026-05-09,2026-05,-99.0,True,True,True,True,False,True,False,Cadena de hashes inválida
tx000000-0000-0000-0000-00000000007D,2026-05-10 17:30:00+00:00,2026-05,ACC1011,CLIENT-121,GRP-202605-10,CREDIT,COMPLETED,400.0,USD,4150.0,4550.0,RPT01,True,hash00000000000000000000000000000000000000000000000000000000007D,hash000000000000000000000000000000000000000000000000000000000069,note=bonus,2026-05-27T05:06:40.291935Z,400.0,400.0,,bonus,2026-05-10,2026-05,400.0,True,True,True,True,False,True,False,Cadena de hashes inválida
tx000000-0000-0000-0000-00000000007E,2026-05-11 08:40:00+00:00,2026-05,ACC1012,MERCH-101,GRP-202605-11,DEBIT,COMPLETED,9.0,USD,358.0,349.0,RPT01,True,hash00000000000000000000000000000000000000000000000000000000007E,hash00000000000000000000000000000000000000000000000000000000006A,note=market,2026-05-27T05:06:40.291935Z,-9.0,-9.0,,market,2026-05-11,2026-05,-9.0,True,True,True,True,False,True,False,Cadena de hashes inválida
tx000000-0000-0000-0000-00000000007F,2026-05-12 09:50:00+00:00,2026-05,ACC1013,CLIENT-313,GRP-202605-12,CREDIT,COMPLETED,260.0,USD,2500.0,2760.0,RPT01,True,hash00000000000000000000000000000000000000000000000000000000007F,hash00000000000000000000000000000000000000000000000000000000006B,note=deposit,2026-05-27T05:06:40.291935Z,260.0,260.0,,deposit,2026-05-12,2026-05,260.0,True,True,True,True,False,True,False,Cadena de hashes inválida
tx000000-0000-0000-0000-000000000080,2026-05-13 11:00:00+00:00,2026-05,ACC1014,MERCH-202,GRP-202605-13,DEBIT,COMPLETED,48.0,USD,800.0,752.0,RPT01,True,hash000000000000000000000000000000000000000000000000000000000080,hash00000000000000000000000000000000000000000000000000000000006C,note=books,2026-05-27T05:06:40.291935Z,-48.0,-48.0,,books,2026-05-13,2026-05,-48.0,True,True,True,True,False,True,False,Cadena de hashes inválida
tx000000-0000-0000-0000-000000000081,2026-05-14 12:10:00+00:00,2026-05,ACC1015,CLIENT-515,GRP-202605-14,CREDIT,COMPLETED,1000.0,USD,3300.0,4300.0,RPT01,True,hash000000000000000000000000000000000000000000000000000000000081,hash00000000000000000000000000000000000000000000000000000000006D,note=salary,2026-05-27T05:06:40.291935Z,1000.0,1000.0,,salary,2026-05-14,2026-05,1000.0,True,True,True,True,False,True,False,Cadena de hashes inválida
tx000000-0000-0000-0000-000000000082,2026-05-15 13:20:00+00:00,2026-05,ACC1016,MERCH-404,GRP-202605-15,DEBIT,COMPLETED,55.0,USD,871.01,816.01,RPT01,True,hash000000000000000000000000000000000000000000000000000000000082,hash00000000000000000000000000000000000000000000000000000000006E,note=tech,2026-05-27T05:06:40.291935Z,-55.0,-55.0,,tech,2026-05-15,2026-05,-55.0,True,True,True,True,False,True,False,Cadena de hashes inválida
tx000000-0000-0000-0000-000000000083,2026-05-16 14:30:00+00:00,2026-05,ACC1017,CLIENT-727,GRP-202605-16,CREDIT,COMPLETED,500.0,USD,2250.0,2750.0,RPT01,True,hash000000000000000000000000000000000000000000000000000000000083,hash00000000000000000000000000000000000000000000000000000000006F,note=deposit,2026-05-27T05:06:40.291935Z,500.0,500.0,,deposit,2026-05-16,2026-05,500.0,True,True,True,True,False,True,False,Cadena de hashes inválida
tx000000-0000-0000-0000-000000000084,2026-05-17 15:40:00+00:00,2026-05,ACC1018,MERCH-909,GRP-202605-17,DEBIT,COMPLETED,29.0,USD,203.5,174.5,RPT01,True,hash000000000000000000000000000000000000000000000000000000000084,hash000000000000000000000000000000000000000000000000000000000070,note=retail,2026-05-27T05:06:40.291935Z,-29.0,-29.0,,retail,2026-05-17,2026-05,-29.0,True,True,True,True,False,True,False,Cadena de hashes inválida
tx000000-0000-0000-0000-000000000085,2026-05-18 16:50:00+00:00,2026-05,ACC1019,CLIENT-929,GRP-202605-18,CREDIT,COMPLETED,550.0,USD,2400.0,2950.0,RPT01,True,hash000000000000000000000000000000000000000000000000000000000085,hash000000000000000000000000000000000000000000000000000000000071,note=deposit,2026-05-27T05:06:40.291935Z,550.0,550.0,,deposit,2026-05-18,2026-05,550.0,True,True,True,True,False,True,False,Cadena de hashes inválida
tx000000-0000-0000-0000-000000000086,2026-05-19 17:00:00+00:00,2026-05,ACC1020,MERCH-111,GRP-202605-19,DEBIT,COMPLETED,8.0,USD,67.52,59.52,RPT01,True,hash000000000000000000000000000000000000000000000000000000000086,hash000000000000000000000000000000000000000000000000000000000072,note=small fee,2026-05-27T05:06:40.291935Z,-8.0,-7.999999999999993,,small fee,2026-05-19,2026-05,-8.0,True,True,True,True,False,True,False,Cadena de hashes inválida
tx000000-0000-0000-0000-000000000087,2026-05-20 18:10:00+00:00,2026-05,ACC1001,CLIENT-100,GRP-202605-20,DEBIT,COMPLETED,750.0,USD,5650.0,4900.0,RPT01,True,hash000000000000000000000000000000000000000000000000000000000087,hash000000000000000000000000000000000000000000000000000000000073,note=transfer out,2026-05-27T05:06:40.291935Z,-750.0,-750.0,,transfer out,2026-05-20,2026-05,-750.0,True,True,True,True,False,True,False,Cadena de hashes inválida
tx000000-0000-0000-0000-000000000088,2026-05-21 08:20:00+00:00,2026-05,ACC1002,CLIENT-771,GRP-202605-21,CREDIT,COMPLETED,300.0,USD,3700.0,4000.0,RPT01,True,hash000000000000000000000000000000000000000000000000000000000088,hash000000000000000000000000000000000000000000000000000000000074,note=payment,2026-05-27T05:06:40.291935Z,300.0,300.0,,payment,2026-05-21,2026-05,300.0,True,True,True,True,False,True,False,Cadena de hashes inválida
tx000000-0000-0000-0000-000000000089,2026-05-22 09:30:00+00:00,2026-05,ACC1003,CLIENT-222,GRP-202605-22,DEBIT,COMPLETED,70.0,USD,2675.0,2605.0,RPT01,True,hash000000000000000000000000000000000000000000000000000000000089,hash000000000000000000000000000000000000000000000000000000000075,note=bill payment,2026-05-27T05:06:40.291935Z,-70.0,-70.0,,bill payment,2026-05-22,2026-05,-70.0,True,True,True,True,False,True,False,Cadena de hashes inválida
tx000000-0000-0000-0000-00000000008A,2026-05-23 10:40:00+00:00,2026-05,ACC1004,MERCH-777,GRP-202605-23,DEBIT,COMPLETED,35.0,USD,610.01,575.01,RPT01,True,hash00000000000000000000000000000000000000000000000000000000008A,hash000000000000000000000000000000000000000000000000000000000076,note=snack,2026-05-27T05:06:40.291935Z,-35.0,-35.0,,snack,2026-05-23,2026-05,-35.0,True,True,True,True,False,True,False,Cadena de hashes inválida
tx000000-0000-0000-0000-00000000008B,2026-05-24 11:50:00+00:00,2026-05,ACC1005,CLIENT-555,GRP-202605-24,CREDIT,COMPLETED,220.0,USD,2670.0,2890.0,RPT01,True,hash00000000000000000000000000000000000000000000000000000000008B,hash000000000000000000000000000000000000000000000000000000000077,note=deposit,2026-05-27T05:06:40.291935Z,220.0,220.0,,deposit,2026-05-24,2026-05,220.0,True,True,True,True,False,True,False,Cadena de hashes inválida
tx000000-0000-0000-0000-00000000008C,2026-05-25 12:00:00+00:00,2026-05,ACC1006,CLIENT-888,GRP-202605-25,DEBIT,COMPLETED,27.0,USD,543.0,516.0,RPT01,True,hash00000000000000000000000000000000000000000000000000000000008C,hash000000000000000000000000000000000000000000000000000000000078,note=service,2026-05-27T05:06:40.291935Z,-27.0,-27.0,,service,2026-05-25,2026-05,-27.0,True,True,True,True,False,True,False,Cadena de hashes inválida
tx000000-0000-0000-0000-00000000008D,2026-05-26 13:10:00+00:00,2026-05,ACC1007,CLIENT-999,GRP-202605-26,CREDIT,COMPLETED,260.0,USD,2470.0,2730.0,RPT01,True,hash00000000000000000000000000000000000000000000000000000000008D,hash000000000000000000000000000000000000000000000000000000000079,note=salary,2026-05-27T05:06:40.291935Z,260.0,260.0,,salary,2026-05-26,2026-05,260.0,True,True,True,True,False,True,False,Cadena de hashes inválida
tx000000-0000-0000-0000-00000000008E,2026-05-27 14:20:00+00:00,2026-05,ACC1008,MERCH-500,GRP-202605-27,DEBIT,COMPLETED,14.0,USD,462.0,448.0,RPT01,True,hash00000000000000000000000000000000000000000000000000000000008E,hash00000000000000000000000000000000000000000000000000000000007A,note=drink,2026-05-27T05:06:40.291935Z,-14.0,-14.0,,drink,2026-05-27,2026-05,-14.0,True,True,True,True,False,True,False,Cadena de hashes inválida
tx000000-0000-0000-0000-00000000008F,2026-05-28 15:30:00+00:00,2026-05,ACC1009,CLIENT-444,GRP-202605-28,CREDIT,COMPLETED,400.0,USD,3220.0,3620.0,RPT01,True,hash00000000000000000000000000000000000000000000000000000000008F,hash00000000000000000000000000000000000000000000000000000000007B,note=deposit,2026-05-27T05:06:40.291935Z,400.0,400.0,,deposit,2026-05-28,2026-05,400.0,True,True,True,True,False,True,False,Cadena de hashes inválida
tx000000-0000-0000-0000-000000000090,2026-05-29 16:40:00+00:00,2026-05,ACC1010,MERCH-303,GRP-202605-29,DEBIT,COMPLETED,120.0,USD,1111.0,991.0,RPT01,True,hash000000000000000000000000000000000000000000000000000000000090,hash00000000000000000000000000000000000000000000000000000000007C,note=clothes,2026-05-27T05:06:40.291935Z,-120.0,-120.0,,clothes,2026-05-29,2026-05,-120.0,True,True,True,True,False,True,False,Cadena de hashes inválida
tx000000-0000-0000-0000-000000000091,2026-05-30 17:50:00+00:00,2026-05,ACC1011,CLIENT-121,GRP-202605-30,CREDIT,COMPLETED,350.0,USD,4550.0,4900.0,RPT01,True,hash000000000000000000000000000000000000000000000000000000000091,hash00000000000000000000000000000000000000000000000000000000007D,note=bonus,2026-05-27T05:06:40.291935Z,350.0,350.0,,bonus,2026-05-30,2026-05,350.0,True,True,True,True,False,True,False,Cadena de hashes inválida
tx000000-0000-0000-0000-000000000092,2026-05-31 08:00:00+00:00,2026-05,ACC1012,MERCH-101,GRP-202605-31,DEBIT,COMPLETED,11.0,USD,349.0,338.0,RPT01,True,hash000000000000000000000000000000000000000000000000000000000092,hash00000000000000000000000000000000000000000000000000000000007E,note=market,2026-05-27T05:06:40.291935Z,-11.0,-11.0,,market,2026-05-31,2026-05,-11.0,True,True,True,True,False,True,False,Cadena de hashes inválida
tx000000-0000-0000-0000-000000000093,2026-06-01 09:10:00+00:00,2026-06,ACC1013,CLIENT-313,GRP-202606-01,CREDIT,COMPLETED,300.0,USD,2760.0,3060.0,RPT01,True,hash000000000000000000000000000000000000000000000000000000000093,hash00000000000000000000000000000000000000000000000000000000007F,note=deposit,2026-05-27T05:06:40.291935Z,300.0,300.0,,deposit,2026-06-01,2026-06,300.0,True,True,True,True,False,True,False,Cadena de hashes inválida
tx000000-0000-0000-0000-000000000094,2026-06-02 10:20:00+00:00,2026-06,ACC1014,MERCH-202,GRP-202606-02,DEBIT,COMPLETED,65.0,USD,752.0,687.0,RPT01,True,hash000000000000000000000000000000000000000000000000000000000094,hash000000000000000000000000000000000000000000000000000000000080,note=books,2026-05-27T05:06:40.291935Z,-65.0,-65.0,,books,2026-06-02,2026-06,-65.0,True,True,True,True,False,True,False,Cadena de hashes inválida
tx000000-0000-0000-0000-000000000095,2026-06-03 11:30:00+00:00,2026-06,ACC1015,CLIENT-515,GRP-202606-03,CREDIT,COMPLETED,1200.0,USD,4300.0,5500.0,RPT01,True,hash000000000000000000000000000000000000000000000000000000000095,hash000000000000000000000000000000000000000000000000000000000081,note=salary,2026-05-27T05:06:40.291935Z,1200.0,1200.0,,salary,2026-06-03,2026-06,1200.0,True,True,True,True,False,True,False,Cadena de hashes inválida
tx000000-0000-0000-0000-000000000096,2026-06-04 12:40:00+00:00,2026-06,ACC1016,MERCH-404,GRP-202606-04,DEBIT,COMPLETED,39.0,USD,816.01,777.01,RPT01,True,hash000000000000000000000000000000000000000000000000000000000096,hash000000000000000000000000000000000000000000000000000000000082,note=tech,2026-05-27T05:06:40.291935Z,-39.0,-39.0,,tech,2026-06-04,2026-06,-39.0,True,True,True,True,False,True,False,Cadena de hashes inválida
tx000000-0000-0000-0000-000000000097,2026-06-05 13:50:00+00:00,2026-06,ACC1017,CLIENT-727,GRP-202606-05,CREDIT,COMPLETED,450.0,USD,2750.0,3200.0,RPT01,True,hash000000000000000000000000000000000000000000000000000000000097,hash000000000000000000000000000000000000000000000000000000000083,note=deposit,2026-05-27T05:06:40.291935Z,450.0,450.0,,deposit,2026-06-05,2026-06,450.0,True,True,True,True,False,True,False,Cadena de hashes inválida
tx000000-0000-0000-0000-000000000098,2026-06-06 14:00:00+00:00,2026-06,ACC1018,MERCH-909,GRP-202606-06,DEBIT,COMPLETED,31.0,USD,203.5,172.5,RPT01,True,hash000000000000000000000000000000000000000000000000000000000098,hash000000000000000000000000000000000000000000000000000000000084,note=retail,2026-05-27T05:06:40.291935Z,-31.0,-31.0,,retail,2026-06-06,2026-06,-31.0,True,True,True,True,False,True,False,Cadena de hashes inválida
tx000000-0000-0000-0000-000000000099,2026-06-07 15:10:00+00:00,2026-06,ACC1019,CLIENT-929,GRP-202606-07,CREDIT,COMPLETED,600.0,USD,2950.0,3550.0,RPT01,True,hash000000000000000000000000000000000000000000000000000000000099,hash000000000000000000000000000000000000000000000000000000000085,note=deposit,2026-05-27T05:06:40.291935Z,600.0,600.0,,deposit,2026-06-07,2026-06,600.0,True,True,True,True,False,True,False,Cadena de hashes inválida
tx000000-0000-0000-0000-00000000009A,2026-06-08 16:20:00+00:00,2026-06,ACC1020,MERCH-111,GRP-202606-08,DEBIT,COMPLETED,6.0,USD,59.52,53.52,RPT01,True,hash00000000000000000000000000000000000000000000000000000000009A,hash000000000000000000000000000000000000000000000000000000000086,note=fee,2026-05-27T05:06:40.291935Z,-6.0,-6.0,,fee,2026-06-08,2026-06,-6.0,True,True,True,True,False,True,False,Cadena de hashes inválida
tx000000-0000-0000-0000-00000000009B,2026-06-09 17:30:00+00:00,2026-06,ACC1001,CLIENT-100,GRP-202606-09,DEBIT,COMPLETED,800.0,USD,4900.0,4100.0,RPT01,True,hash00000000000000000000000000000000000000000000000000000000009B,hash000000000000000000000000000000000000000000000000000000000087,note=transfer out,2026-05-27T05:06:40.291935Z,-800.0,-800.0,,transfer out,2026-06-09,2026-06,-800.0,True,True,True,True,False,True,False,Cadena de hashes inválida
tx000000-0000-0000-0000-00000000009C,2026-06-10 08:40:00+00:00,2026-06,ACC1002,CLIENT-771,GRP-202606-10,CREDIT,COMPLETED,250.0,USD,4000.0,4250.0,RPT01,True,hash00000000000000000000000000000000000000000000000000000000009C,hash000000000000000000000000000000000000000000000000000000000088,note=payment,2026-05-27T05:06:40.291935Z,250.0,250.0,,payment,2026-06-10,2026-06,250.0,True,True,True,True,False,True,False,Cadena de hashes inválida
tx000000-0000-0000-0000-00000000009D,2026-06-11 09:50:00+00:00,2026-06,ACC1003,CLIENT-222,GRP-202606-11,DEBIT,COMPLETED,95.0,USD,2605.0,2510.0,RPT01,True,hash00000000000000000000000000000000000000000000000000000000009D,hash000000000000000000000000000000000000000000000000000000000089,note=bill payment,2026-05-27T05:06:40.291935Z,-95.0,-95.0,,bill payment,2026-06-11,2026-06,-95.0,True,True,True,True,False,True,False,Cadena de hashes inválida
tx000000-0000-0000-0000-00000000009E,2026-06-12 10:00:00+00:00,2026-06,ACC1004,MERCH-777,GRP-202606-12,DEBIT,COMPLETED,55.0,USD,575.01,520.01,RPT01,True,hash00000000000000000000000000000000000000000000000000000000009E,hash00000000000000000000000000000000000000000000000000000000008A,note=snack,2026-05-27T05:06:40.291935Z,-55.0,-55.0,,snack,2026-06-12,2026-06,-55.0,True,True,True,True,False,True,False,Cadena de hashes inválida
tx000000-0000-0000-0000-00000000009F,2026-06-13 11:10:00+00:00,2026-06,ACC1005,CLIENT-555,GRP-202606-13,CREDIT,COMPLETED,260.0,USD,2890.0,3150.0,RPT01,True,hash00000000000000000000000000000000000000000000000000000000009F,hash00000000000000000000000000000000000000000000000000000000008B,note=deposit,2026-05-27T05:06:40.291935Z,260.0,260.0,,deposit,2026-06-13,2026-06,260.0,True,True,True,True,False,True,False,Cadena de hashes inválida
tx000000-0000-0000-0000-0000000000FF,2026-06-14 12:20:00+00:00,2026-06,ACC1006,CLIENT-888,GRP-202606-14,DEBIT,COMPLETED,33.0,USD,516.0,483.0,RPT01,True,duplicatehash,hash00000000000000000000000000000000000000000000000000000000008C,note=duplicate hash test,2026-05-27T05:06:40.291935Z,-33.0,-33.0,,duplicate hash test,2026-06-14,2026-06,-33.0,True,True,True,True,False,True,False,Cadena de hashes inválida
